{"cameraMode":{"drawMode":0,"name":"Shaded","section":"Shading Mode"},"sceneLighting":true,"audioPlay":false,"sceneViewState":{"m_AlwaysRefresh":false,"showFog":true,"showSkybox":true,"showFlares":true,"showImageEffects":true,"showParticleSystems":true,"showVisualEffectGraphs":true,"m_FxEnabled":false},"in2DMode":false,"pivot":{"x":26.87788963317871,"y":19.398202896118165,"z":14.885407447814942},"rotation":{"x":-0.38570109009742739,"y":0.011908880434930325,"z":-0.0049788933247327808,"w":-0.9225374460220337},"size":3.8967714309692385,"orthographic":false}