{"cameraMode":{"drawMode":0,"name":"Shaded","section":"Shading Mode"},"sceneLighting":false,"audioPlay":false,"sceneViewState":{"m_AlwaysRefresh":false,"showFog":true,"showSkybox":false,"showFlares":true,"showImageEffects":true,"showParticleSystems":true,"showVisualEffectGraphs":true,"m_FxEnabled":false},"in2DMode":false,"pivot":{"x":-0.14328578114509583,"y":1.7218527793884278,"z":-5.960464477539063e-8},"rotation":{"x":0.6398401856422424,"y":0.01728696934878826,"z":-0.014398849569261074,"w":0.7681795954704285},"size":1.825669527053833,"orthographic":false}