{"cameraMode":{"drawMode":0,"name":"Shaded","section":"Shading Mode"},"sceneLighting":false,"audioPlay":false,"sceneViewState":{"m_AlwaysRefresh":false,"showFog":true,"showSkybox":false,"showFlares":true,"showImageEffects":true,"showParticleSystems":true,"showVisualEffectGraphs":true,"m_FxEnabled":false},"in2DMode":false,"pivot":{"x":-0.2800014615058899,"y":1.4999998807907105,"z":-4.3213367462158205e-7},"rotation":{"x":-0.12536534667015077,"y":0.16584400832653047,"z":-0.021260173991322519,"w":-0.9779235124588013},"size":0.6116164326667786,"orthographic":false}