{"cameraMode":{"drawMode":0,"name":"Shaded","section":"Shading Mode"},"sceneLighting":false,"audioPlay":false,"sceneViewState":{"m_AlwaysRefresh":false,"showFog":true,"showSkybox":false,"showFlares":true,"showImageEffects":true,"showParticleSystems":true,"showVisualEffectGraphs":true,"m_FxEnabled":false},"in2DMode":false,"pivot":{"x":-0.00047813355922698975,"y":0.002811363898217678,"z":-0.0009642662480473518},"rotation":{"x":0.14427559077739716,"y":0.2191952019929886,"z":0.03279297798871994,"w":-0.9644016623497009},"size":0.003005458740517497,"orthographic":false}